1,COL0021603,"NEUROCIENCIAS DEL CARIBE",PEDRO PUENTES ROZO,2 de 2,Categoría A,Convocatoria 833 de 2018,,
2,COL0183076,"CRS-TID Center for Research and Surveillance of Tropical and Infectious Diseases",JUAN PABLO HERNANDEZ ORTIZ,2 de 3,Categoría A1,Convocatoria 833 de 2018,,
3,COL0074886,"SINERGIA",NORA ANETH PAVA RIPOLL,1 de 1,Categoría A,Convocatoria 833 de 2018,,
4,COL0012435,"Grupo de Inmunología y Epidemiología Molecular",CLARA ISABEL GONZALEZ RUGELES,2 de 3,Categoría A1,Convocatoria 833 de 2018,,
5,COL0029147,"Grupo de Investigación en Psiquiatría GIPSI",CARLOS ALBERTO LOPEZ JARAMILLO,2 de 3,Categoría A1,Convocatoria 833 de 2018,,
6,COL0004504,"Estrés y Salud",VIVIOLA MELIDA GOMEZ ORTIZ,1 de 1,Categoría A,Convocatoria 833 de 2018,,
7,COL0026726,"EPIDEMIOLOGÍA SALUD Y VIOLENCIA",JOSE WILLIAM MARTINEZ,4 de 6,Categoría A,Convocatoria 833 de 2018,,
8,COL0012097,"Instituto de Investigaciones Biológicas del Tropico",SALIM MATTAR VELILLA,1 de 1,Categoría A1,Convocatoria 833 de 2018,,
9,COL0032017,"Salud Pública y Auditoría en Salud",GERMAN JAVIER ARRIETA BERNATE,1 de 1,Categoría A,Convocatoria 833 de 2018,,
10,COL0016209,"Sistemas Complejos",RAFAEL MARIA GUTIERREZ SALAMANCA,2 de 3,Categoría A1,Convocatoria 833 de 2018,,
11,COL0023976,"GRUPO DE INVESTIGACIÓN EN DEMOGRAFIA, SALUD PUBLICA Y SISTEMAS DE SALUD - GUINDESS",MYRIAM RUIZ RODRIGUEZ,2 de 3,Categoría A1,Convocatoria 833 de 2018,,
12,COL0037757,"Grupo de Ciencias Neurovasculares de la Fundación Cardiovascular de Colombia",FEDERICO ARTURO SILVA SIEGER,3 de 3,Categoría A,Convocatoria 833 de 2018,,
13,COL0015409,"Fisicoquimica de Bio y Nanomateriales",RUBEN JESUS CAMARGO AMADO,1 de 1,Categoría A,Convocatoria 833 de 2018,,
14,COL0015099,"Programa de Estudio y Control de Enfermedades Tropicales",IVAN DARIO VELEZ BERNAL,2 de 3,Categoría A1,Convocatoria 833 de 2018,,
15,COL0047889,"GIOM",ALEJANDRO PELAEZ VARGAS,1 de 1,Categoría A1,Convocatoria 833 de 2018,,
16,COL0007524,"Grupo Malaria",ALBERTO TOBON CASTANO,1 de 1,Categoría A1,Convocatoria 833 de 2018,,
17,COL0070537,"Biomedical Signal Processing and Artificial Intelligence Laboratory",WINSTON SPENCER PERCYBROOKS BOLIVAR,1 de 2,Categoría A,Convocatoria 833 de 2018,,
18,COL0044045,"Fisiología Celular y Molecular",JEAN PAUL VERNOT HERNANDEZ,2 de 3,Categoría A,Convocatoria 833 de 2018,,
19,COL0010074,"Grupo de Investigación en Patología Oral, Periodoncia y Cirugía Alvéolo-Dentaria-POPCAD",SERGIO IVAN TOBON ARROYAVE,1 de 1,Categoría A1,Convocatoria 833 de 2018,,
20,COL0070958,"Caracterización genética  e inmunología",NUBIA ESTELA MATTA CAMACHO,1 de 1,Categoría A,Convocatoria 833 de 2018,,
21,COL0078428,"MICOBAC-UN",MARTHA ISABEL MURCIA ARANGUREN,2 de 3,Categoría A,Convocatoria 833 de 2018,,
22,COL0005029,"Familia y Sexualidad",ELVIA VARGAS TRUJILLO,1 de 1,Categoría A,Convocatoria 833 de 2018,,
23,COL0005744,"GRIPE: Grupo Investigador de Problemas en  Enfermedades Infecciosas",OMAR VESGA MENESES,2 de 4,Categoría A1,Convocatoria 833 de 2018,,
24,COL0025639,"Grupo de Bioquímica Teórica",MARTHA CECILIA DAZA ESPINOSA,2 de 3,Categoría A,Convocatoria 833 de 2018,,
25,COL0009888,"Grupo de Investigación en  Hormonas",ADRIANA UMANA PEREZ,1 de 1,Categoría A,Convocatoria 833 de 2018,,
26,COL0074821,"Unidad de Genética y Resistencia Antimicrobiana - UGRA",CESAR AUGUSTO ARIAS HERNANDEZ,1 de 1,Categoría A1,Convocatoria 833 de 2018,,
27,COL0007794,"Grupo de Biomecánica de la Universidad del Valle",JOSE JAIME GARCIA ALVAREZ,1 de 1,Categoría A,Convocatoria 833 de 2018,,
28,COL0013648,"MEDICINA TROPICAL",LUIS ERNESTO LOPEZ ROJAS,2 de 3,Categoría A1,Convocatoria 833 de 2018,,
29,COL0009814,"Grupo de Investigación en Gerontología y Geriatría",JOSE FERNANDO GOMEZ MONTES,1 de 1,Categoría A1,Convocatoria 833 de 2018,,
30,COL0069358,"Grupo de Investigaciones Biomédicas y de Genética Humana Aplicada - GIBGA",GINA MENDEZ CALLEJAS,2 de 4,Categoría A1,Convocatoria 833 de 2018,,
31,COL0038289,"Grupo de Inmunología Molecular ",JHON CARLOS CASTANO OSORIO,1 de 1,Categoría A,Convocatoria 833 de 2018,,
32,COL0011329,"Grupo de investigación en Inmunología y Biología Molecular",EDUARDO ALBERTO EGEA BERMEJO,1 de 1,Categoría A1,Convocatoria 833 de 2018,,
33,COL0002519,"Ciencias Básicas Médicas",SANDRA ROCIO RAMIREZ CLAVIJO,1 de 1,Categoría A1,Convocatoria 833 de 2018,,
34,COL0012631,"Investigaciones Biomédicas",EDUAR ELIAS BEJARANO MARTINEZ,1 de 2,Categoría A1,Convocatoria 833 de 2018,,
35,COL0016309,"Grupo de Nutrición",ANA YIBBY FORERO TORRES,1 de 1,Categoría A,Convocatoria 833 de 2018,,
36,COL0015339,"Quimica Organica de Productos Naturales",WINSTON QUINONES FLETCHER,1 de 1,Categoría A1,Convocatoria 833 de 2018,,
37,COL0014028,"MEDI-CIENCIAS RESEARCH GROUP",FIDIAS E LEON-SARMIENTO,4 de 6,Categoría A,Convocatoria 833 de 2018,,
38,COL0032821,"Centro de Estudios e Investigación en Salud -CEIS-",DARIO LONDONO TRUJILLO,2 de 3,Categoría A1,Convocatoria 833 de 2018,,
39,COL0007506,"Grupo de Parasitología, Universidad de Antioquia",SONIA DEL PILAR AGUDELO LOPEZ,1 de 1,Categoría A1,Convocatoria 833 de 2018,,
40,COL0038389,"Inmunomodulación",JOSE ROBINSON RAMIREZ PINEDA,1 de 1,Categoría A,Convocatoria 833 de 2018,,
41,COL0066267,"LABORATORIO DE SINTESIS ORGANICA",ALIRIO PALMA RODRIGUEZ,2 de 3,Categoría A,Convocatoria 833 de 2018,,
42,COL0010744,"Grupo de Neurociencias de Antioquia",FRANCISCO JAVIER LOPERA RESTREPO,1 de 1,Categoría A1,Convocatoria 833 de 2018,,
43,COL0075883,"Grupo Evaluación Biológica de Sustancias Promisorias",LUIS ALBERTO FRANCO OSPINA,2 de 3,Categoría A,Convocatoria 833 de 2018,,
44,COL0000363,"Alergologia experimental e inmunogenetica",LUIS CARABALLO,2 de 3,Categoría A1,Convocatoria 833 de 2018,,
45,COL0049794,"Grupo de Investigación en Psicología Clínica y de la Salud",CESAR ARMANDO REY ANACONA,1 de 1,Categoría A,Convocatoria 833 de 2018,,
46,COL0005851,"GRUPO DE ESTUDIO DEL DOLOR",ESPERANZA HERRERA VILLABONA,2 de 4,Categoría A,Convocatoria 833 de 2018,,
47,COL0092392,"CENTRO DE ESTUDIO DE ENFERMEDADES AUTOINMUNES - CREA",JUAN-MANUEL ANAYA CABRERA,1 de 1,Categoría A1,Convocatoria 833 de 2018,,
48,COL0126131,"GRUPO DE INVESTIGACIÓN EN MICROBIOLOGÍA BÁSICA Y APLICADA-MICROBA",ANGEL AUGUSTO GONZALEZ MARIN,1 de 1,Categoría A1,Convocatoria 833 de 2018,,
49,COL0009485,"Grupo de Investigación en Bioquímica de Enfermedades  Cardiovasculares y Metabólicas",PATRICIA LANDAZURI,1 de 1,Categoría A,Convocatoria 833 de 2018,,
50,COL0023902,"Ciencias Básicas Médicas",JOHN MARIO GONZALEZ ESCOBAR,2 de 2,Categoría A1,Convocatoria 833 de 2018,,
51,COL0024463,"Inmunobiología y Biología Celular",SUSANA FIORENTINO GOMEZ,1 de 1,Categoría A1,Convocatoria 833 de 2018,,
52,COL0044671,"Violencia y Salud",ZULMA CONSUELO URREGO MENDOZA,2 de 3,Categoría A,Convocatoria 833 de 2018,,
53,COL0050839,"GRID - Grupo de Investigación Dermatológica",GLORIA SANCLEMENTE MESA,4 de 9,Categoría A1,Convocatoria 833 de 2018,,
54,COL0006723,"Genética Molecular (GENMOL)",WINSTON ROJAS MONTOYA,1 de 1,Categoría A1,Convocatoria 833 de 2018,,
55,COL0156275,"Grupo de Bioquímica Estructural de Macromoléculas",EDWIN BAIRON PATINO GONZALEZ,1 de 1,Categoría A,Convocatoria 833 de 2018,,
56,COL0008773,"Grupo de Investigacion en Salud Publica",LEONARDO BRICENO AYALA,1 de 1,Categoría A1,Convocatoria 833 de 2018,,
57,COL0056725,"Laboratorio de Parasitología Molecular.",JACQUELINE CHAPARRO OLAYA,1 de 1,Categoría A,Convocatoria 833 de 2018,,
58,COL0065152,"BIOPOLIMER",FREIMAR SEGURA SANCHEZ,1 de 2,Categoría A,Convocatoria 833 de 2018,,
59,COL0019679,"VIREM - Virus Emergentes y Enfermedad",BEATRIZ PARRA PATINO,1 de 1,Categoría A1,Convocatoria 833 de 2018,,
60,COL0008639,"Grupo de Inmunología Celular e Inmunogenética",MAURICIO ROJAS LOPEZ,1 de 1,Categoría A1,Convocatoria 833 de 2018,,
61,COL0012444,"Inmunovirología",MARIA TERESA RUGELES LOPEZ,1 de 1,Categoría A1,Convocatoria 833 de 2018,,
62,COL0035331,"Laboratorio de Medicina Genomica ",HENRY OSTOS ALFONSO,2 de 2,Categoría A1,Convocatoria 833 de 2018,,
63,COL0000999,"Biología de Nutrientes",CARMINA LUCIA VARGAS ZAPATA,1 de 1,Categoría A,Convocatoria 833 de 2018,,
64,COL0006474,"GRUPO DE NEUROCIENCIAS DE LA UNIVERSIDAD DEL ROSARIO (NEUROS)",ALBERTO VELEZ VAN MEERBEKE,2 de 3,Categoría A1,Convocatoria 833 de 2018,,
65,COL0001413,"CIDEIM",NANCY GORE SARAVIA,1 de 1,Categoría A1,Convocatoria 833 de 2018,,
66,COL0010806,"Grupo de Parasitología",SOFIA DUQUE BELTRAN,1 de 1,Categoría A1,Convocatoria 833 de 2018,,
67,COL0055889,"Grupo de Investigaciones Microbiológicas y Biomédicas de Córdoba (GIMBIC)",MARIA FERNANDA YASNOT ACOSTA,1 de 1,Categoría A,Convocatoria 833 de 2018,,
68,COL0009439,"INVESTIGACIONES FOSCAL",PATRICIO LOPEZ JARAMILLO,1 de 1,Categoría A1,Convocatoria 833 de 2018,,
69,COL0082529,"Instituto de Investigaciones Biomédicas",AUGUSTO ELIAS VALDERRAMA AGUIRRE,3 de 5,Categoría A,Convocatoria 833 de 2018,,
70,COL0095213,"Grupo de Investigación en Genética (G=I=G)",MILTON MANUEL QUINTANA SOSA,2 de 3,Categoría A1,Convocatoria 833 de 2018,,
71,COL0014574,"Patología Molecular",JUAN JOSE YUNIS LONDONO,1 de 1,Categoría A,Convocatoria 833 de 2018,,
72,COL0024006,"Muerte Celular",GONZALO ARBOLEDA BUSTOS,1 de 1,Categoría A,Convocatoria 833 de 2018,,
73,COL0014206,"Observatorio de la Salud Pública",JORGE JULIAN OSORIO GOMEZ,1 de 1,Categoría A1,Convocatoria 833 de 2018,,
74,COL0010154,"Grupo de Investigación en Promoción de la Salud - Promesa",GLADYS EUGENIA CANAVAL ERAZO,1 de 1,Categoría A,Convocatoria 833 de 2018,,
75,COL0010691,"Grupo de Microbiología",JAIME MORENO CASTANEDA,1 de 1,Categoría A1,Convocatoria 833 de 2018,,
76,COL0004317,"Enfermedades Infecciosas",MARYLIN HIDALGO,1 de 1,Categoría A1,Convocatoria 833 de 2018,,
77,COL0015992,"Salud Mental",YOLANDA TORRES DE GALVIS,1 de 1,Categoría A1,Convocatoria 833 de 2018,,
78,COL0075678,"Grupo de Investigación en Química Orgánica Medicinal",HAROLD GOMEZ ESTRADA,2 de 3,Categoría A1,Convocatoria 833 de 2018,,
79,COL0008933,"Grupo de Investigaciones en Enfermedades Tropicales",CLAUDIA MARIA ELISA ROMERO VIVAS,1 de 1,Categoría A1,Convocatoria 833 de 2018,,
80,COL0093101,"GRUPO DE INVESTIGACIÓN SALUD, REHABILITACIÓN Y TRABAJO SARET",DIANA CAROLINA TIGA LOZA,2 de 3,Categoría A,Convocatoria 833 de 2018,,
81,COL0001262,"CENTAURO",JORGE ARTURO FERNANDEZ SILVA,1 de 1,Categoría A1,Convocatoria 833 de 2018,,
82,COL0019338,"Micobacterias ",GLORIA MERCEDES PUERTO CASTRO,1 de 1,Categoría A,Convocatoria 833 de 2018,,
83,COL0008629,"Grupo de Investigación en Biología del Cáncer",MARIA MERCEDES BRAVO HERNANDEZ,1 de 1,Categoría A1,Convocatoria 833 de 2018,,
84,COL0026403,"Bioinformática y Biocomputación",PEDRO ANTONIO MORENO TOVAR,2 de 3,Categoría A,Convocatoria 833 de 2018,,
85,COL0068949,"Neurofisiología Comportamental",FRANCISCO ALEJANDRO MUNERA GALARZA,1 de 1,Categoría A1,Convocatoria 833 de 2018,,
86,COL0008737,"Grupo de Investigacion en Cardiologia",EDGAR HERNANDEZ LEIVA,2 de 2,Categoría A1,Convocatoria 833 de 2018,,
87,COL0010815,"Centro de Investigaciones en Enfermedades Tropicales (CINTROP)",JONNY EDWARD DUQUE LUNA,3 de 5,Categoría A1,Convocatoria 833 de 2018,,
88,COL0012088,"INSTITUTO DE GENETICA HUMANA - FACULTAD DE MEDICINA - PONTIF",FERNANDO SUAREZ OBANDO,2 de 2,Categoría A1,Convocatoria 833 de 2018,,
89,COL0055138,"CHIMA, Grupo de Química Matemática",EUGENIO JOSE LLANOS BALLESTAS,3 de 4,Categoría A1,Convocatoria 833 de 2018,,
90,COL0016748,"Unidad de Bacteriología y Micobacterias, CIB-UPB",JAIME A ROBLEDO RESTREPO,3 de 4,Categoría A,Convocatoria 833 de 2018,,
91,COL0058828,"Medicina preventiva y social",LUIS FERNANDO GOMEZ GUTIERREZ,3 de 5,Categoría A1,Convocatoria 833 de 2018,,
92,COL0036114,"BIOFORENSE",LUZ MIRYAM GOMEZ PINEREZ,1 de 1,Categoría A,Convocatoria 833 de 2018,,
93,COL0002742,"Conflicto social y violencia",MYRIAM JIMENO SANTOYO,1 de 1,Categoría A1,Convocatoria 833 de 2018,,
94,COL0014832,"Principios Bioactivos en Plantas Medicinales",LUIS FERNANDO OSPINA GIRALDO,1 de 1,Categoría A,Convocatoria 833 de 2018,,
95,COL0055049,"Grupo de Investigación en Biomateriales ",DIANA MARCELA ESCOBAR SIERRA,1 de 1,Categoría A,Convocatoria 833 de 2018,,
96,COL0000603,"Política y Economía de la Salud - Cendex",ROLANDO ENRIQUE PENALOZA QUINTERO,1 de 1,Categoría A,Convocatoria 833 de 2018,,
97,COL0009476,"Grupo de Investigación en Biomecánica / Universidad Nacional de Colombia GIBM-UNCB",CARLOS JULIO CORTES RODRIGUEZ,1 de 1,Categoría A,Convocatoria 833 de 2018,,
98,COL0060334,"Sistemas para Liberación Controlada de Moléculas Biológicamente Activas",YOLIMA BAENA ARISTIZABAL,1 de 1,Categoría A,Convocatoria 833 de 2018,,
99,COL0206116," Grupo de Inmunología celular y molecular Universidad El Bosque",MARIA CONSUELO ROMERO SANCHEZ,1 de 2,Categoría A1,Convocatoria 833 de 2018,,
100,COL0022164,"Grupo de Virología",JAIME EDUARDO CASTELLANOS PARRA,1 de 1,Categoría A1,Convocatoria 833 de 2018,,
101,COL0012499,"Unidad de Investigación Básica Oral UIBO",GLORIA INES LAFAURIE VILLAMIL,1 de 1,Categoría A1,Convocatoria 833 de 2018,,
102,COL0010083,"Grupo de Investigación en Pediatría",JAIME AURELIO CESPEDES LONDONO,1 de 1,Categoría A,Convocatoria 833 de 2018,,
103,COL0003703,"Economía de la Salud",NELSON RAFAEL ALVIS GUZMAN,4 de 6,Categoría A1,Convocatoria 833 de 2018,,
104,COL0089842,"CIST-Centro de Investigación en Salud para el Trópico",GABRIEL JAIME PARRA HENAO,2 de 3,Categoría A1,Convocatoria 833 de 2018,,
105,COL0007328,"Grupo de Investigación en Fisiología y Bioquímica - Physis",JUAN CAMILO CALDERON VELEZ,1 de 1,Categoría A,Convocatoria 833 de 2018,,
106,COL0075598,"Biología de Sistemas",ISABEL CRISTINA ORTIZ TRUJILLO,2 de 3,Categoría A1,Convocatoria 833 de 2018,,
107,COL0023724,"GRUPO DE INVESTIGACION DE LABIO Y PALADAR HENDIDO FISIOLOGIA ORAL Y CRECIMIENTO CRANEOFACIAL - CESLPH",CLAUDIA CECILIA RESTREPO SERNA,1 de 1,Categoría A,Convocatoria 833 de 2018,,
108,COL0022057,"UNIDAD DE INVESTIGACIÓN EN CARIES "UNICA"",STEFANIA MARTIGNON,1 de 1,Categoría A1,Convocatoria 833 de 2018,,
109,COL0043727,"Unidad de Manejo Integral de Malformaciones Craneofaciales (UMIMC)",MARIA CLARA GONZALEZ CARRERA,1 de 1,Categoría A,Convocatoria 833 de 2018,,
110,COL0063479,"RAM (Red para el Uso Adecuado de Medicamentos)",JOSE JULIAN LOPEZ GUTIERREZ,1 de 1,Categoría A,Convocatoria 833 de 2018,,
111,COL0024159,"Grupo de Gastrohepatología",MARIA CRISTINA NAVAS NAVAS,1 de 1,Categoría A1,Convocatoria 833 de 2018,,
112,COL0010172,"Grupo de Investigación en Proteinas - GRIP",NOHORA ANGELICA VEGA CASTRO,1 de 1,Categoría A,Convocatoria 833 de 2018,,
113,COL0009331,"Grupo de Investigación de la Fundación Neumológica Colombiana",CARLOS ARTURO TORRES DUQUE,2 de 4,Categoría A1,Convocatoria 833 de 2018,,
114,COL0000059,"Centro de Investigaciones Odontológicas",NELLY STELLA ROA MOLINA,1 de 1,Categoría A1,Convocatoria 833 de 2018,,
115,COL0003964,"EVALUACION DE TECNOLOGIAS Y POLITICAS EN SALUD",HERNANDO GUILLERMO GAITAN DUARTE,5 de 9,Categoría A1,Convocatoria 833 de 2018,,
116,COL0029423,"Laboratorio de Diagnóstico Molecular y Bioinformática",MARIA DEL PILAR DELGADO PERAFAN,1 de 1,Categoría A,Convocatoria 833 de 2018,,
117,COL0015169,"Promoción de la salud y Prevención de la Enfermedad",MARIA EUGENIA PICO MERCHAN,1 de 1,Categoría A,Convocatoria 833 de 2018,,
118,COL0016809,"Morfologia Celular ",ORLANDO TORRES FERNANDEZ,1 de 1,Categoría A,Convocatoria 833 de 2018,,
119,COL0060915,"GENIUROS",CARLOS MARTIN RESTREPO FERNANDEZ,2 de 3,Categoría A1,Convocatoria 833 de 2018,,
120,COL0005806,"BIOIMPEDANCIA ELECTRICA",CARLOS AUGUSTO GONZALEZ CORREA,1 de 2,Categoría A,Convocatoria 833 de 2018,,
121,COL0004362,"Epidemiología",CARLOS ALBERTO ROJAS ARBELAEZ,1 de 1,Categoría A1,Convocatoria 833 de 2018,,
122,COL0006483,"GRUPO DE NEUROCIENCIAS-UNIVERSIDAD NACIONAL DE COLOMBIA",HUMBERTO ARBOLEDA GRANADOS,2 de 3,Categoría A,Convocatoria 833 de 2018,,
123,COL0006714,"Genética Molecular",MARIA MERCEDES ZAMBRANO EDER,1 de 1,Categoría A,Convocatoria 833 de 2018,,
124,COL0057839,"GiSCYT",JUAN ALBERTO CASTILLO MARTINEZ,1 de 1,Categoría A,Convocatoria 833 de 2018,,
125,COL0013746,"Microbiología Molecular",MARGARITA MARIA CORREA OCHOA,1 de 1,Categoría A1,Convocatoria 833 de 2018,,
126,COL0011296,"Grupo de Investigación Clínica",ANGELA MARIA RUIZ STERNBERG,2 de 3,Categoría A1,Convocatoria 833 de 2018,,
127,COL0024319,"CONTROL DE CALIDAD DE LOS PROCESOS EN SALUD",FRANCIA ESTHER HERRERA SALAZAR,1 de 1,Categoría A,Convocatoria 833 de 2018,,
128,COL0015043,"Productos Naturales Marinos",DIANA MARGARITA MARQUEZ FERNANDEZ,1 de 1,Categoría A,Convocatoria 833 de 2018,,
129,COL0016686,"UNIMOL",DORIS ESTHER GOMEZ CAMARGO,3 de 5,Categoría A1,Convocatoria 833 de 2018,,
130,COL0015203,"Proyecto UNI-Barranquilla",RAFAEL DE JESUS TUESCA MOLINA,1 de 2,Categoría A1,Convocatoria 833 de 2018,,
131,COL0057419,"Grupo de Investigación en Medicina Tropical - CIMET",MARIA TERESA MOJICA ORTIZ,1 de 1,Categoría A,Convocatoria 833 de 2018,,
132,COL0050659,"Investigación Fundación Oftalmológica Nacional",FRANCISCO JOSE RODRIGUEZ ALVIRA,2 de 3,Categoría A,Convocatoria 833 de 2018,,
133,COL0024427,"MI DNEUROPSY",ESPERANZA CABRERA DIAZ,1 de 1,Categoría A1,Convocatoria 833 de 2018,,
134,COL0012328,"Infección y Cáncer",GLORIA INES SANCHEZ VASQUEZ,1 de 1,Categoría A,Convocatoria 833 de 2018,,
135,COL0135702,"Discapacidad, Políticas y Justicia Social.",MARISOL MORENO ANGARITA,1 de 1,Categoría A,Convocatoria 833 de 2018,,
136,COL0006859,"Gerencia y Políticas de Salud",AMPARO HIGINIA HERNANDEZ BELLO,1 de 1,Categoría A1,Convocatoria 833 de 2018,,
137,COL0009396,"Grupo de Investigación en Anestesiología",FELIX RAMON MONTES ROMERO,2 de 2,Categoría A,Convocatoria 833 de 2018,,
138,COL0011714,"HISTORIA DE LA SALUD EN BOYACA",ABEL FERNANDO MARTINEZ MARTIN,1 de 1,Categoría A,Convocatoria 833 de 2018,,
139,COL0000523,"Matemáticas y Aplicaciones",GABRIEL IGNACIO LOAIZA OSSA,1 de 1,Categoría A,Convocatoria 833 de 2018,,
140,COL0007865,"Biología y Control de Enfermedades Infecciosas",OMAR TRIANA CHAVEZ,1 de 1,Categoría A1,Convocatoria 833 de 2018,,
141,COL0016784,"Departamento de Epidemiologia Clinica y Bioestadistica",NELCY RODRIGUEZ MALAGON,2 de 3,Categoría A1,Convocatoria 833 de 2018,,
142,COL0003249,"Demografía y Salud",HUGO DE JESUS GRISALES ROMERO,1 de 1,Categoría A1,Convocatoria 833 de 2018,,
143,COL0053071,"Grupo de investigación en Salud Pública",LUCELLY LOPEZ LOPEZ,3 de 4,Categoría A1,Convocatoria 833 de 2018,,
144,COL0021891,"GEPAMOL",JORGE ENRIQUE GOMEZ MARIN,1 de 1,Categoría A1,Convocatoria 833 de 2018,,
145,COL0009799,"Grupo de Investigación en Genética Humana Aplicada - GIGHA",CARLOS HERNAN SIERRA TORRES,1 de 1,Categoría A,Convocatoria 833 de 2018,,
146,COL0134474,"SALUD COMFAMILIAR",GLORIA LILIANA PORRAS HURTADO,2 de 4,Categoría A1,Convocatoria 833 de 2018,,
147,COL0014476,"Toxinología, Alternativas Terapéuticas y Alimentarias",JUAN CARLOS ALARCON PEREZ,1 de 1,Categoría A1,Convocatoria 833 de 2018,,
148,COL0007121,"Grupo Académico de Epidemiología Clínica",HECTOR IVAN GARCIA GARCIA,1 de 1,Categoría A1,Convocatoria 833 de 2018,,
149,COL0013138,"Laboratorio de Investigaciones en Parasitología Tropical",GUSTAVO ADOLFO VALLEJO,1 de 1,Categoría A,Convocatoria 833 de 2018,,
150,COL0059709,"Epidemiología y Bioestadística",ANGELA MARIA SEGURA CARDONA,1 de 1,Categoría A1,Convocatoria 833 de 2018,,
151,COL0083811,"Impacto de componentes alimentarios en la salud",MARIA ELENA MALDONADO CELIS,1 de 1,Categoría A,Convocatoria 833 de 2018,,
152,COL0112548,"Infettare",WILDEMAN ZAPATA BUILES,1 de 1,Categoría A1,Convocatoria 833 de 2018,,
153,COL0000407,"Alimentación y Nutrición Humana",SANDRA LUCIA RESTREPO MESA,1 de 2,Categoría A1,Convocatoria 833 de 2018,,
154,COL0015965,"Salud Comportamental y Organizacional",CARLA MARIA ZAPATA RUEDA,1 de 1,Categoría A1,Convocatoria 833 de 2018,,
155,COL0007631,"Grupo Reproducción",ANGELA PATRICIA CADAVID JARAMILLO,1 de 1,Categoría A1,Convocatoria 833 de 2018,,
156,COL0015599,"Rehabilitación en Salud",LUZ HELENA LUGO AGUDELO,2 de 3,Categoría A,Convocatoria 833 de 2018,,
157,COL0011465,"Grupo de investigación sobre Conflicto e instituciones en una perspectiva comparada - IEPRI-UN",FRANCISCO AURELIO EDUARDO GUTIERREZ SANIN,1 de 1,Categoría A1,Convocatoria 833 de 2018,,
158,COL0068403,"Genetica Humana",IGNACIO BRICENO BALCAZAR,1 de 1,Categoría A,Convocatoria 833 de 2018,,
159,COL0058247,"Laboratorio de Química Orgánica y Biomolecular",VLADIMIR KOUZNETSOV,2 de 3,Categoría A1,Convocatoria 833 de 2018,,
160,COL0012426,"Inmunodeficiencias Primarias",JOSE LUIS FRANCO RESTREPO,1 de 2,Categoría A1,Convocatoria 833 de 2018,,
161,COL0013109,"Laboratorio de Genética Humana",HELENA GROOT DE RESTREPO,1 de 1,Categoría A,Convocatoria 833 de 2018,,
162,COL0100411,"Vidarium",KATALINA MUNOZ DURANGO,1 de 1,Categoría A,Convocatoria 833 de 2018,,
163,COL0010359,"Grupo de Investigación en Sustancias Bioactivas -GISB-",EDISON OSORIO DURANGO,1 de 1,Categoría A1,Convocatoria 833 de 2018,,
164,COL0005412,"GENETICA MOLECULAR HUMANA",GUILLERMO BARRETO RODRIGUEZ,1 de 1,Categoría A,Convocatoria 833 de 2018,,
165,COL0014519,"SALUD Y CALIDAD DE VIDA",MARIA TERESA VARELA AREVALO,1 de 1,Categoría A1,Convocatoria 833 de 2018,,
166,COL0101651,"Nutrición, Genética y Metabolismo",CARLOS ANDRES CASTRO ROJAS,1 de 3,Categoría A,Convocatoria 833 de 2018,,
167,COL0004513,"Estudio Genético de Enfermedades Complejas",MARIA CAROLINA PAEZ LEAL,1 de 1,Categoría A1,Convocatoria 833 de 2018,,
168,COL0029263,"Grupo de Investigación en subespecialidades Pediatrícas",ALVARO DURAN HERNANDEZ,3 de 4,Categoría A,Convocatoria 833 de 2018,,
169,COL0025596,"QUIMICA ANALITICA Y BIOMEDICINA",DARIO MANUEL MENDEZ CUADRO,3 de 5,Categoría A,Convocatoria 833 de 2018,,
170,COL0003169,"DESTINO",DIEGO LUIS LINARES OSPINA,1 de 1,Categoría A,Convocatoria 833 de 2018,,
171,COL0025649,"Grupo de Fisiología Celular y Aplicada",JULIO CESAR SANCHEZ NARANJO,1 de 1,Categoría A,Convocatoria 833 de 2018,,
172,COL0020796,"GRUPO DE FÍSICA NUCLEAR APLICADA Y SIMULACIÓN",SEGUNDO AGUSTIN MARTINEZ OVALLE,1 de 1,Categoría A1,Convocatoria 833 de 2018,,
173,COL0023706,"Genetica y Biologia Molecular",NIRADIZ REYES RAMOS,2 de 4,Categoría A,Convocatoria 833 de 2018,,
174,COL0012515,"Instituto de Errores Innatos del Metabolismo",CARLOS JAVIER ALMECIGA DIAZ,2 de 2,Categoría A1,Convocatoria 833 de 2018,,
175,COL0020089,"GITOUC Grupo interdisciplinario de investigaciones y tratamientos odontológicos Universidad de Cartagena",ANTONIO JOSE DIAZ CABALLERO,2 de 3,Categoría A,Convocatoria 833 de 2018,,
176,COL0019427,"Centro de Investigación Biomédica Universidad de La Sabana (CIBUS)",FERNANDO LIZCANO LOSADA,1 de 1,Categoría A,Convocatoria 833 de 2018,,
177,COL0065929,"Grupo de Estudios Sociales de las Ciencias, las Tecnologías y las Profesiones",EMILIO QUEVEDO VELEZ,4 de 7,Categoría A1,Convocatoria 833 de 2018,,
178,COL0012542,"Laboratorio de Genética Molecular Bacteriana",JAVIER ANTONIO ESCOBAR PEREZ,1 de 1,Categoría A,Convocatoria 833 de 2018,,
179,COL0112922,"Grupo de Investigación en Salud Pública, Educación y Profesionalismo Médico (S.E.P.)",CATALINA GONZALEZ URIBE,2 de 2,Categoría A,Convocatoria 833 de 2018,,
180,COL0044985,"ENLACE",JAIME HUMBERTO MORENO MENDEZ,1 de 1,Categoría A,Convocatoria 833 de 2018,,
181,COL0019919,"CENTRO DE INVESTIGACIONES CARDIODIAGNOSTICO SA/FUNDACION DEL CARIBE PARA LA INVESTIGACION BIOMEDICA",MIGUEL ALBERTO URINA TRIANA,2 de 2,Categoría A1,Convocatoria 833 de 2018,,
182,COL0024507,"Grupo de Virología INS",DIOSELINA PELAEZ CARVAJAL,1 de 1,Categoría A1,Convocatoria 833 de 2018,,
183,COL0019991,"Carlos Finlay",NICOLAS ARTURO NUNEZ GOMEZ,2 de 3,Categoría A1,Convocatoria 833 de 2018,,
184,COL0014556,"Parasitología y Medicina Tropical",CARLOS FERNANDO NARVAEZ ROJAS,2 de 2,Categoría A1,Convocatoria 833 de 2018,,
185,COL0001048,"LIBBIQ UN",MARIA HELENA RAMIREZ HERNANDEZ,2 de 3,Categoría A,Convocatoria 833 de 2018,,
186,COL0026252,"Grupo de Biotecnologia e Infecciones Bacterianas",GERARDO ANDRES LIBREROS ZUNIGA,1 de 1,Categoría A,Convocatoria 833 de 2018,,
187,COL0022422,"Alimentos, nutrición y salud",LILIA YADIRA CORTES SANABRIA,2 de 3,Categoría A1,Convocatoria 833 de 2018,,
188,COL0028865,"IMAGINE:  Computación Visual, I+D+i",PABLO ALEJANDRO FIGUEROA FORERO,1 de 1,Categoría A,Convocatoria 833 de 2018,,
189,COL0011179,"Grupo de Estudios Epidemiológicos y Salud Pública - FCV",DORIS CRISTINA QUINTERO LESMES,3 de 4,Categoría A1,Convocatoria 833 de 2018,,
190,COL0019319,"Dermatología clínica e infecciosa",ADRIANA MOTTA BELTRAN,1 de 1,Categoría A,Convocatoria 833 de 2018,,
191,COL0029109,"Pedagogia y Salud",JORGE LUIS BILBAO RAMIREZ,1 de 1,Categoría A,Convocatoria 833 de 2018,,
192,COL0009458,"Grupo de Investigación en Bioingeniería (GIB) CES - EAFIT",SANTIAGO ALBERTO CORREA VELEZ,2 de 2,Categoría A1,Convocatoria 833 de 2018,,
193,COL0041778,"Calidad, seguridad y educación en salud",LUZ MARIA GOMEZ BUITRAGO,1 de 1,Categoría A,Convocatoria 833 de 2018,,
194,COL0025531,"Neuroaprendizaje-Ciencias Cognitivas",MARY ORREGO CARDOZO,1 de 1,Categoría A,Convocatoria 833 de 2018,,
195,COL0031279,"Banco de Sangre, Transfusión y Trasplante",MARIA ISABEL BERMUDEZ FORERO,1 de 1,Categoría A,Convocatoria 833 de 2018,,
196,COL0015249,"Psicoanálisis, Sujeto y Sociedad",JUAN MANUEL MARTIN URIBE CANO,1 de 1,Categoría A,Convocatoria 833 de 2018,,
197,COL0067059,"Investigación Básica y Aplicada en Odontología",SONIA DEL PILAR BOHORQUEZ AVILA,1 de 1,Categoría A1,Convocatoria 833 de 2018,,
198,COL0029693,"ESCULAPIO",JESSICA LOPEZ LAVERDE,1 de 2,Categoría A,Convocatoria 833 de 2018,,
199,COL0054918,"GRUPO DE INVESTIGACIÓN EN TECNOLOGÍA DE PRODUCTOS NATURALES - TECPRONA",PILAR ESTER LUENGAS CAICEDO,1 de 1,Categoría A,Convocatoria 833 de 2018,,
200,COL0127129,"CIM@LAB",EDGAR EDUARDO ROMERO CASTRO,1 de 2,Categoría A1,Convocatoria 833 de 2018,,
201,COL0057446,"Espondiloartropatias Universidad de La Sabana",JOHN LONDONO PATINO,3 de 4,Categoría A1,Convocatoria 833 de 2018,,
202,COL0071051,"Terapia Regenerativa",JORGE URIEL CARMONA RAMIREZ,1 de 1,Categoría A1,Convocatoria 833 de 2018,,
203,COL0034085,"ESCLEROSIS MULTIPLE Y OTROS TRASTORNOS NEUROLÓGICOS",JAIME TORO GOMEZ,3 de 5,Categoría A,Convocatoria 833 de 2018,,
204,COL0041212,"Grupo de epidemiología de la Universidad de los Andes (Epiandes)",OLGA LUCIA SARMIENTO DUENAS,2 de 2,Categoría A1,Convocatoria 833 de 2018,,
205,COL0034399,"ANESTESIA",MARIA CLAUDIA NINO DE MEJIA,3 de 3,Categoría A,Convocatoria 833 de 2018,,
206,COL0065312,"Grupo de Investigación Instituto Colombiano de Investigación en Visión y Oftalmología (CIRVO)",LUIS JOSE ESCAF JARABA,3 de 4,Categoría A1,Convocatoria 833 de 2018,,
207,COL0146822,"Grupo de Investigacion la Práctica de Enfermeria en el Contexto Social",SANDRA CATALINA OCHOA MARIN,1 de 1,Categoría A,Convocatoria 833 de 2018,,
208,COL0128539,"Diabetes, lípidos y metabolismo UniAndes",CARLOS OLIMPO MENDIVIL ANAYA,2 de 3,Categoría A1,Convocatoria 833 de 2018,,
209,COL0037336,"Procesos Estocásticos ",LILIANA BLANCO CASTANEDA,1 de 1,Categoría A,Convocatoria 833 de 2018,,
210,COL0007014,"Gestión y Políticas de Salud",GABRIEL JAIME OTALVARO CASTRO,1 de 1,Categoría A,Convocatoria 833 de 2018,,
211,COL0037219,"GRUPO DE INVESTIGACIÓN EN SOFTWARE - GIS",MAURO CALLEJAS CUERVO,1 de 1,Categoría A,Convocatoria 833 de 2018,,
212,COL0035986,"Psicología, Salud y Sociedad",NADIA SEMENOVA MORATTO VASQUEZ,1 de 1,Categoría A1,Convocatoria 833 de 2018,,
213,COL0056476,"Grupo de Investigación e Innovación Biomédica ",SANDRA SULAY ARANGO VARELA,1 de 1,Categoría A1,Convocatoria 833 de 2018,,
214,COL0068495,"Grupo de Investigación en Inmunotoxicología",LUCY GABRIELA DELGADO MURCIA,1 de 1,Categoría A,Convocatoria 833 de 2018,,
215,COL0124807,"DEPARTAMENTO DE PATOLOGIA FSFB - UNIVERSIDAD DE LOS ANDES - ENFERMEDADES COMPLEJAS",RAFAEL ENRIQUE ANDRADE PEREZ,3 de 3,Categoría A1,Convocatoria 833 de 2018,,
216,COL0126749,"Centro de Investigación,Innovación y Desarrollo CIID ",JOHN UMBARILA PRIETO,2 de 3,Categoría A,Convocatoria 833 de 2018,,
217,COL0052495,"CIMBIOS (Ciencia de Materiales Biológicos y Semiconductores)",DAVID ALEJANDRO MIRANDA MERCADO,4 de 7,Categoría A1,Convocatoria 833 de 2018,,
218,COL0000962,"Biología Celular y Molecular CIB, U. de A. ",ORVILLE HERNANDEZ RUIZ,4 de 6,Categoría A1,Convocatoria 833 de 2018,,
219,COL0117867,"Neurociencias Básicas y Aplicadas (NBA)",OLBER EDUARDO ARANGO TOBON,1 de 1,Categoría A1,Convocatoria 833 de 2018,,
220,COL0005904,"GRUPO DE INGENIERIA BIOMÉDICA",MARIO ANDRES VALDERRAMA MANRIQUE,2 de 2,Categoría A1,Convocatoria 833 de 2018,,
221,COL0030765,"GRUPO DE INVESTIGACIÓN EN TECNOLOGÍAS APLICADAS - GITA",ROSA ELVIRA CORREA GUTIERREZ,1 de 1,Categoría A1,Convocatoria 833 de 2018,,
222,COL0104626,"ENFERMEDADES CRONICAS ZOONOTICAS ADQUIRIDAS ECZA",CARMEN CECILIA ALMONACID URREGO,3 de 5,Categoría A1,Convocatoria 833 de 2018,,
223,COL0113652,"CAPACIDADES HUMANAS, SALUD E INCLUSION",OLGA LUCIA MONTOYA HURTADO,1 de 2,Categoría A,Convocatoria 833 de 2018,,
224,COL0049524,"Grupo de Investigación en Psiquiatría de Enlace",JOSE GABRIEL FRANCO VASQUEZ,2 de 3,Categoría A,Convocatoria 833 de 2018,,
225,COL0035117,"Grupo de estabilidad de medicamentos, cosméticos y alimentos, GEMCA",CECILIA GALLARDO CABRERA,1 de 1,Categoría A,Convocatoria 833 de 2018,,
226,COL0031477,"CONTROL AUTOMÁTICO",EDUARDO GIRALDO SUAREZ,2 de 2,Categoría A1,Convocatoria 833 de 2018,,
227,COL0034746,"Kinesiología, Salud y Desarrollo",BEATRIZ MENA BEJARANO,1 de 1,Categoría A,Convocatoria 833 de 2018,,
228,COL0013719,"Grupo de Micología  y Fitopatologia ",SILVIA RESTREPO RESTREPO,3 de 3,Categoría A1,Convocatoria 833 de 2018,,
229,COL0113447,"Grupo de Investigación en Ciencias Básicas  y Clínicas de la Salud",MILTON FABIAN SUAREZ ORTEGON,1 de 1,Categoría A,Convocatoria 833 de 2018,,
230,COL0078679,"CIB-CENTRO DE INVESTIGACIONES BIOMEDICAS",FERNANDO MANZUR JATTIN,4 de 12,Categoría A1,Convocatoria 833 de 2018,,
231,COL0133341,"Applied NeuroScience",HANS CARMONA VILLADA,1 de 1,Categoría A,Convocatoria 833 de 2018,,
232,COL0103398,"GINUMED",DILIA ESTHER APARICIO MARENCO,1 de 1,Categoría A,Convocatoria 833 de 2018,,
233,COL0054696,"Grupo de investigaciones en Biotecnologia",HOMERO GABRIEL SAN JUAN VERGARA,5 de 8,Categoría A1,Convocatoria 833 de 2018,,
234,COL0015983,"Salud Mental",NATALIA TRUJILLO ORREGO,1 de 1,Categoría A1,Convocatoria 833 de 2018,,
235,COL0037256,"GRUPO DE INVESTIGACIÓN DE FARMACOEPIDEMIOLOGIA Y FARMACOVIGILANCIA",JORGE ENRIQUE MACHADO ALBA,1 de 1,Categoría A1,Convocatoria 833 de 2018,,
236,COL0033032,"Grupo de Investigación y Proyección Social en Ciencias de la Salud",FRANCY LICET VILLAMIZAR GOMEZ,3 de 3,Categoría A1,Convocatoria 833 de 2018,,
237,COL0060058,"Grupo Malformaciones Congenitas y Perinatales,Genetica Medica y  Dismorfología, UV-HUV",WILMAR SALDARRIAGA GIL,1 de 1,Categoría A,Convocatoria 833 de 2018,,
238,COL0038594,"INNOVACION TECNOLOGICA Y SALUD",RODOLFO VEGA LLAMAS,3 de 4,Categoría A,Convocatoria 833 de 2018,,
239,COL0064208,"Endocrinología y Nutrición Básica",JORGE EDUARDO CAMINOS PINZON,1 de 1,Categoría A1,Convocatoria 833 de 2018,,
240,COL0132389,"PROMETEUS & BIOMEDICINA APLICADA A LAS CIENCIAS CLÍNICAS",AMILETH SUAREZ CAUSADO,2 de 3,Categoría A,Convocatoria 833 de 2018,,
241,COL0100636,"Inmunología y Medicina Traslacional",CARLOS ALBERTO PARRA LOPEZ,3 de 4,Categoría A,Convocatoria 833 de 2018,,
242,COL0107127,"INUB-MEDITECH",ANDRES MARIANO RUBIANO ESCOBAR,2 de 3,Categoría A1,Convocatoria 833 de 2018,,
243,COL0049032,"Cuidado para la salud cardiorrespiratoria",MAGDA LUCIA FLOREZ FLOREZ,1 de 1,Categoría A,Convocatoria 833 de 2018,,
244,COL0047449,"Salud y Comunidad",JAIME CARMONA FONSECA,1 de 1,Categoría A1,Convocatoria 833 de 2018,,
245,COL0084256,"Medicina del Adulto",LUIS FERNANDO GIRALDO CADAVID,3 de 6,Categoría A1,Convocatoria 833 de 2018,,
246,COL0027456,"Salud y Sociedad",FRANCISCO JAVIER AGUIRRE ECHAVARRIA,1 de 1,Categoría A,Convocatoria 833 de 2018,,
247,COL0043422,"INVESTIGACIONES PEDIATRICAS BOSQUE",NICOLAS IGNACIO RAMOS RODRIGUEZ,1 de 1,Categoría A1,Convocatoria 833 de 2018,,
248,COL0036778,"Fundación Instituto de Inmunología de Colombia-FIDIC",MANUEL ELKIN PATARROYO MURILLO,2 de 3,Categoría A1,Convocatoria 833 de 2018,,
249,COL0033613,"Centro de Investigaciones Clínicas del Magdalena - CIMAC",GUILLERMO TROUT GUARDIOLA,2 de 3,Categoría A,Convocatoria 833 de 2018,,
250,COL0045285,"Desarrollo social, Salud Publica y Derechos Humanos",PEDRO LEON REYES GASPAR,1 de 1,Categoría A,Convocatoria 833 de 2018,,
251,COL0024599,"SIB- Salud Integral Bucal  ",MARTHA JULIANA RODRIGUEZ GOMEZ,2 de 2,Categoría A,Convocatoria 833 de 2018,,
252,COL0056199,"INFECCIÓN E INMUNIDAD",JUAN CARLOS SEPULVEDA ARIAS,2 de 3,Categoría A1,Convocatoria 833 de 2018,,
253,COL0003623,"Diseńo y Formulación de Medicamentos, Cosméticos y Afines",OSCAR ALBEIRO FLOREZ ACOSTA,1 de 1,Categoría A1,Convocatoria 833 de 2018,,
254,COL0024104,"Grupo Epidemiología y Salud Poblacional",FABIAN MENDEZ PAZ,1 de 1,Categoría A1,Convocatoria 833 de 2018,,
255,COL0070528,"Epidemiologia y Evaluacion en Salud Publica",FERNANDO DE LA HOZ RESTREPO,1 de 2,Categoría A1,Convocatoria 833 de 2018,,
256,COL0102748,"Biología y Clínica",JUAN CARLOS ARANGO VIANA,1 de 2,Categoría A,Convocatoria 833 de 2018,,
257,COL0050051,"Grupo de investigación en educación y salud-GINEYSA",CATALINA ESTRADA GONZALEZ,1 de 1,Categoría A,Convocatoria 833 de 2018,,
258,COL0060942,"Nefrologia",GUSTAVO AROCA MARTINEZ,2 de 2,Categoría A1,Convocatoria 833 de 2018,,
259,COL0063855,"Grupo de Equidad en Salud",JAVIER HERNANDO ESLAVA SCHMALBACH,2 de 4,Categoría A1,Convocatoria 833 de 2018,,
260,COL0040189,"Microbiología Ambiental",ASTRID MILENA BEDOYA,1 de 1,Categoría A,Convocatoria 833 de 2018,,
261,COL0152347,"Interacciones Moleculares Microbianas",ADRIANA JIMENA BERNAL,1 de 2,Categoría A,Convocatoria 833 de 2018,,
262,COL0034479,"Radiología",DIEGO ANDRES AGUIRRE MATALLANA,3 de 3,Categoría A,Convocatoria 833 de 2018,,
263,COL0061672,"Sistemas  multisensoriales y reconocimiento de patrones (GISM) ",CRISTIAN MANUEL DURAN ACEVEDO,1 de 1,Categoría A,Convocatoria 833 de 2018,,
264,COL0107575,"Enfermedades Crónicas del Adulto",OSCAR MAURICIO MUNOZ VELANDIA,2 de 3,Categoría A1,Convocatoria 833 de 2018,,
265,COL0056968,"Bioquímica y Biología Molecular de las Micobacterias",CARLOS YESID SOTO OSPINA,1 de 1,Categoría A,Convocatoria 833 de 2018,,
266,COL0040458,"Salud-Comunid-UDES SCU",RUTH ARALI MARTINEZ VEGA,3 de 5,Categoría A1,Convocatoria 833 de 2018,,
267,COL0067086,"Inmunologia Evolutiva e Inmunogenetica",LUIS FERNANDO CADAVID GUTIERREZ,1 de 1,Categoría A,Convocatoria 833 de 2018,,
268,COL0030193,"CUERPO, SUJETO Y EDUCACION",EDWIN ARCESIO GOMEZ SERNA,1 de 1,Categoría A1,Convocatoria 833 de 2018,,
269,COL0090244,"CINBIOS",AUGUSTO MIGUEL TORRES JIMENEZ,2 de 4,Categoría A,Convocatoria 833 de 2018,,
270,COL0060361,"SALUD PÚBLICA E INFECCIÓN",GUILLERMO LAGOS GRISALES,1 de 1,Categoría A1,Convocatoria 833 de 2018,,
271,COL0044555,"Medicina Comunitaria y Salud Colectiva",ALEXANDRA PORRAS RAMIREZ,1 de 1,Categoría A,Convocatoria 833 de 2018,,
272,COL0029379,"CUIDAR",DOLLY ORFILIA ARIAS TORRES,2 de 5,Categoría A,Convocatoria 833 de 2018,,
273,COL0031243,"Salud Pública y Epidemiología del Cáncer",DEVI NEREIDA PUERTO JIMENEZ,1 de 1,Categoría A1,Convocatoria 833 de 2018,,
274,COL0074661,"Promoción y Prevención Farmacéutica",PEDRO AMARILES MUNOZ,1 de 1,Categoría A,Convocatoria 833 de 2018,,
275,COL0128609,"GRUPO DE INVESTIGACIÓN EN FOTOQUÍMICA Y FOTOBIOLOGÍA",CARLOS ENRIQUE DIAZ URIBE,1 de 2,Categoría A1,Convocatoria 833 de 2018,,
276,COL0036295,"Grupo de investigación en ciencias cardiovasculares de la Fundación Cardiovascular de Colombia",LUIS EDUARDO ECHEVERRIA CORREA,4 de 5,Categoría A1,Convocatoria 833 de 2018,,
277,COL0013709,"Micología Médica y Experimental",TONNY WILLIAMS NARANJO PRECIADO,6 de 8,Categoría A1,Convocatoria 833 de 2018,,
278,COL0089529,"ONCOHEMATOLOGIA PEDIATRICA",TERESA ADRIANA LINARES BALLESTEROS,2 de 2,Categoría A,Convocatoria 833 de 2018,,
279,COL0033186,"GRUPO INFOVIDA",ELSA MARINA ROJAS GARRIDO,2 de 2,Categoría A,Convocatoria 833 de 2018,,
280,COL0061912,"HISTOPATOLOGIA",INES BENEDETTI PADRON,2 de 5,Categoría A,Convocatoria 833 de 2018,,
281,COL0007551,"Grupo Neuropsicología y Conducta",CARLOS ANDRES TOBON QUINTERO,3 de 4,Categoría A1,Convocatoria 833 de 2018,,
282,COL0099642,"Grupo de Investigación Biomédica",ISABELLA ECHEVERRI JIMENEZ,2 de 3,Categoría A1,Convocatoria 833 de 2018,,
283,COL0068609,"GIINCO. Grupo Internacional de Investigación Neuro-Conductual.",ERNESTO BARCELO MARTINEZ,4 de 6,Categoría A1,Convocatoria 833 de 2018,,
284,COL0103683,"Diabetes, enfermedades metabolicas y cardiovasculares",JECENIA VIDAL MARTINEZ,3 de 4,Categoría A,Convocatoria 833 de 2018,,
285,COL0076521,"GRUPO DE INVESTIGACION EN PSICOLOGIA - GIPSI",EDGAR ALFONSO ACUNA BERMUDEZ,1 de 1,Categoría A1,Convocatoria 833 de 2018,,
286,COL0009215,"Grupo de Investigación Médica",SANDRA CONSTANZA CANON BUITRAGO,1 de 1,Categoría A,Convocatoria 833 de 2018,,
287,COL0020016,"Grupo de Investigación en Crecimiento y Desarrollo Craneofacial",LAILA YANED GONZALEZ BEJARANO,1 de 1,Categoría A,Convocatoria 833 de 2018,,
288,COL0010207,"Grupo de Investigación en Psicología y Salud",OSCAR MAURICIO AGUILAR MEJIA,1 de 1,Categoría A,Convocatoria 833 de 2018,,
289,COL0104475,"Fundacion IFARMA",CLAUDIA MARCELA VARGAS PELAEZ,2 de 4,Categoría A,Convocatoria 833 de 2018,,
290,COL0000935,"Bioingeniería, análisis de seńales y procesamiento de imágenes",LEONARDO FLOREZ VALENCIA,1 de 1,Categoría A1,Convocatoria 833 de 2018,,
291,COL0016944,"Grupo de Investigación Biomédica Traslacional",MELVIN YESID RINCON ACELAS,3 de 3,Categoría A1,Convocatoria 833 de 2018,,
292,COL0015778,"SALUD COLECTIVA",EDSON JAIR OSPINA LOZANO,1 de 4,Categoría A,Convocatoria 833 de 2018,,
293,COL0009752,"Grupo de Investigación en Farmacogenética",GLORIA INČS HINCAPIČ LŇPEZ,1 de 1,Categoría A,Convocatoria 833 de 2018,,
294,COL0070798,"CINPE-Centro de Investigación en Neonatología y Pediatría",HERNANDO BAQUERO LATORRE,1 de 1,Categoría A,Convocatoria 833 de 2018,,
295,COL0088881,"Salud y Sostenibilidad",YAMILET ARCOS ARANGO,1 de 1,Categoría A,Convocatoria 833 de 2018,,
296,COL0068799,"PROSEIM",DANIEL ALFONSO BOTERO ROSAS,1 de 1,Categoría A,Convocatoria 833 de 2018,,
297,COL0119923,"Grupo de Investigaciones Clinicas-UNAB",ALEJANDRO TELLO HERNANDEZ,2 de 2,Categoría A1,Convocatoria 833 de 2018,,
298,COL0044537,"Clínica y Salud Mental",MARTHA JULIANA VILLEGAS MORENO,1 de 1,Categoría A,Convocatoria 833 de 2018,,
299,COL0063489,"Grupo de Investigaciones Biomédicas UniRemington",ERIKA FRANCISCA GARRIDO ZEA,2 de 3,Categoría A,Convocatoria 833 de 2018,,
300,COL0004371,"Epidemiología Clínica",JURG NIEDERBACHER VELASQUEZ,2 de 3,Categoría A1,Convocatoria 833 de 2018,,
301,COL0074465,"Cuidado De Enfermeria",GLORIA ELENA LASTRE AMELL,1 de 1,Categoría A,Convocatoria 833 de 2018,,
302,COL0041089,"Grupo de Investigación   de Enfermería-Everest",MARIA STELLA CAMPOS DE ALDANA,2 de 3,Categoría A,Convocatoria 833 de 2018,,
303,COL0009064,"Fundación Canguro",NATHALIE CHARPAK HERNANDEZ,1 de 1,Categoría A1,Convocatoria 833 de 2018,,
304,COL0038736,"Enfermedades Infecciosas y Tropicales",RONALD YESID MAESTRE SERRANO,3 de 5,Categoría A,Convocatoria 833 de 2018,,
305,COL0032409,"Fisioter: Importancia del movimiento en el desarrollo humano",FANNY VALENCIA LEGARDA,3 de 5,Categoría A,Convocatoria 833 de 2018,,
306,COL0050098,"Biociencias",BEATRIZ ELENA VALDES DUQUE,1 de 1,Categoría A1,Convocatoria 833 de 2018,,
307,COL0067469,"Grupo de Investigaciones Microbiológicas - UR (GIMUR)",JUAN DAVID RAMIREZ GONZALEZ,1 de 1,Categoría A1,Convocatoria 833 de 2018,,
308,COL0131688,"Laboratorio de Salud Publica de Bogotá",SANDRA LILIANA GOMEZ BAUTISTA,2 de 3,Categoría A,Convocatoria 833 de 2018,,
309,COL0023475,"Salud Visual",ANA MARIA AGUDELO GUEVARA,2 de 2,Categoría A,Convocatoria 833 de 2018,,
310,COL0054963,"Grupo de Investigación en Bioinstrumentación e Ingeniería Clínica:  GIBIC",ALHER MAURICIO HERNANDEZ VALDIVIESO,2 de 3,Categoría A1,Convocatoria 833 de 2018,,
311,COL0014298,"PBX Grupo de Investigación en Comunicación, Cultura y Cambio social",YENNY PENA ESCOBAR,1 de 1,Categoría A1,Convocatoria 833 de 2018,,
312,COL0036679,"Grupo de Investigación en Ingeniería Biomédica (GIBEC)",JULIANA VELASQUEZ GOMEZ,2 de 2,Categoría A1,Convocatoria 833 de 2018,,
313,COL0049382,"Grupo de Investigación en Manejo Clínico -CliniUDES-",NYDIA PAOLA RONDON VILLARREAL,2 de 3,Categoría A,Convocatoria 833 de 2018,,
314,COL0125303,"Investigación INDEC-CES",JOSE FERNANDO ZAPATA BERRUECOS,2 de 2,Categoría A1,Convocatoria 833 de 2018,,
315,COL0002509,"Ciencias Básicas ",YULIANA MARCELA GALLO GARCIA,1 de 1,Categoría A1,Convocatoria 833 de 2018,,
316,COL0152543,"Grupo de Investigación en Evaluación de Tecnologías en Salud - IETS",ADRIANA MARIA ROBAYO GARCIA,1 de 2,Categoría A,Convocatoria 833 de 2018,,
317,COL0041929,"Biomateriales y Biotecnología  (BEO)",LUIS ALFONSO ARANA GORDILLO,1 de 1,Categoría A1,Convocatoria 833 de 2018,,
318,COL0069231,"Psicología, Ciclo Vital y Derechos",MELBA XIMENA FIGUEROA ANGEL,1 de 1,Categoría A,Convocatoria 833 de 2018,,
319,COL0001173,"Psicología, familia y redes",DIANA JANNETH LAVERDE GALLEGO,1 de 1,Categoría A,Convocatoria 833 de 2018,,
320,COL0091279,"Grupo de investigación e innovación en políticas y economía en salud",CARLOS HUMBERTO ARANGO BAUTISTA,1 de 2,Categoría A1,Convocatoria 833 de 2018,,
321,COL0008755,"Grupo de Investigación en Enfermedades Gastrointestinales, Hepáticas, Biliopancreáticas y Trasplantes",OSCAR ALFREDO BELTRAN GALVIS,1 de 1,Categoría A1,Convocatoria 833 de 2018,,
322,COL0058102,"Grupo de Investigación en Fonoaudiología y Psicología.",PATRICIA ARGUELLO VELEZ,2 de 5,Categoría A,Convocatoria 833 de 2018,,
323,COL0082859,"GICAEDS",HECTOR REYNALDO TRIANA REINA,1 de 1,Categoría A1,Convocatoria 833 de 2018,,
324,COL0111498,"GrIEpiS: Grupo de Investigación en Epidemiología y Servicios",LUIS FERNANDO CRUZ GOMEZ,4 de 11,Categoría A1,Convocatoria 833 de 2018,,
325,COL0055817,"MEDICINA CARDIOVASCULAR Y ESPECIALIDADES DE ALTA COMPLEJIDAD - FUNDACIÓN CLÍNICA SHAIO",FERNAN DEL CRISTO MENDOZA BELTRAN,3 de 4,Categoría A1,Convocatoria 833 de 2018,,
326,COL0183595,"Centro de Investigaciones Clínicas y Traslacional - CICT - ",HERNAN FELIPE GUILLEN BURGOS,7 de 10,Categoría A1,Convocatoria 833 de 2018,,
327,COL0154637,"Farmacia Asistencial y Farmacología",SAMIR JOSE BOLIVAR GONZALEZ,1 de 1,Categoría A,Convocatoria 833 de 2018,,
328,COL0110309,"Grupo de Investigación en Electrónica de Alta Frecuencia y Telecomunicaciones (CMUN)",GLORIA MARGARITA VARON DURAN,1 de 1,Categoría A1,Convocatoria 833 de 2018,,
329,COL0004719,"Evidencia Terapeutica",ROSA HELENA BUSTOS CRUZ,2 de 3,Categoría A,Convocatoria 833 de 2018,,
330,COL0024632,"Cuidado de Enfermería - UniSabana",PAOLA SARMIENTO GONZALEZ,1 de 1,Categoría A,Convocatoria 833 de 2018,,
331,COL0001781,"Innovación, Desarrollo, Biotecnología en Salud y Medio Ambiente",JOSE RAFAEL CONSUEGRA MACHADO,5 de 7,Categoría A1,Convocatoria 833 de 2018,,
332,COL0006769,"Genética, Regeneración y Cáncer",JEAN PAUL DELGADO CHARRIS,1 de 1,Categoría A1,Convocatoria 833 de 2018,,
333,COL0120245,"Gestión Hospitalaria y Políticas de Salud -GPS",DAVID JERVIS SCOTT,3 de 6,Categoría A1,Convocatoria 833 de 2018,,
334,COL0050229,"Grupo de Investigación en Ciencias Biomédicas",MARTHA LILIANA TRUJILLO GÜIZA,2 de 3,Categoría A1,Convocatoria 833 de 2018,,
335,COL0057079,"BIOINGENIERIA ",ANDRES FELIPE RUIZ OLAYA,2 de 4,Categoría A,Convocatoria 833 de 2018,,
336,COL0014009,"Bioquímica Experimental y Computacional",JHON JAIRO SUTACHAN RUBIO,1 de 1,Categoría A1,Convocatoria 833 de 2018,,
337,COL0002546,"Investigación en Salud Oral",GRETEL GONZALEZ COLMENARES,2 de 3,Categoría A,Convocatoria 833 de 2018,,
338,COL0089279,"Grupo de Investigación en Imágenes Médicas Sura",JORGE MARIO VELEZ ARANGO,2 de 4,Categoría A1,Convocatoria 833 de 2018,,
339,COL0130878,"Grupo de Investigación en Cáncer IDC",LUIS RODOLFO GOMEZ WOLFF,1 de 1,Categoría A1,Convocatoria 833 de 2018,,
340,COL0137233,"Grupo de Investigación en Entrenamiento, Músculo, Inmunidad Innata y Enfermedades del Pulmón; Grupo EMICON",MAURICIO OROZCO-LEVI,3 de 3,Categoría A1,Convocatoria 833 de 2018,,
341,COL0030569,"Saneamiento Ecologico, Salud y Medio Ambiente",DIANA MARCELA SARMIENTO SENIOR,1 de 1,Categoría A,Convocatoria 833 de 2018,,
342,COL0016363,"OXIGENAR",MONICA PAOLA QUEMBA MESA,2 de 3,Categoría A,Convocatoria 833 de 2018,,
343,COL0005959,"GRUPO DE INVESTIGACIÓN E INNOVACIÓN EN SALUD Y BIENESTAR ANIMAL",BYRON ABDEL HERNANDEZ ORTIZ,2 de 3,Categoría A,Convocatoria 833 de 2018,,
344,COL0163439,"PRE-TEXTOS",ALEXANDER LUNA NIETO,1 de 3,Categoría A,Convocatoria 833 de 2018,,
345,COL0073449,"Neurociencia Traslacional",VERONICA AKLE ALVAREZ,2 de 2,Categoría A,Convocatoria 833 de 2018,,
346,COL0122301,"Complejidad y Salud Pública",SANTIAGO GALVIS VILLAMIZAR,1 de 2,Categoría A,Convocatoria 833 de 2018,,
347,COL0074759,"Tejidos Blandos y mineralizados",MARIA CAROLINA PUSTOVRH RAMOS,1 de 1,Categoría A,Convocatoria 833 de 2018,,
348,COL0114711,"CEREBRO, COGNICION Y PROCESOS SOCIALES",MARIANA MILENA PINO MELGAREJO,2 de 3,Categoría A1,Convocatoria 833 de 2018,,
349,COL0152472,"Grupo de Inmunología Clínica Aplicada",WILSON ARMANDO BAUTISTA MOLANO,4 de 8,Categoría A1,Convocatoria 833 de 2018,,
350,COL0113839,"Grupo de Investigación de Enfermería",MARIA YAQUELIN EXPOSITO CONCEPCION,2 de 3,Categoría A,Convocatoria 833 de 2018,,
351,COL0011106,"Grupo de Trabajo en Ingeniería de Tejidos",MARTHA RAQUEL FONTANILLA DUQUE,1 de 2,Categoría A,Convocatoria 833 de 2018,,
352,COL0032302,"Perspectivas en Neurociencias, Psiquiatría y Envejecimiento",HERNANDO SANTAMARIA GARCIA,2 de 2,Categoría A1,Convocatoria 833 de 2018,,
353,COL0105786,"Salud y Movimiento",LEIDY TATIANA ORDONEZ MORA,1 de 2,Categoría A,Convocatoria 833 de 2018,,
354,COL0082055,"Cuidado Integral de la Salud Humana",ANYELA MANCILLA LUCUMI,2 de 3,Categoría A,Convocatoria 833 de 2018,,
355,COL0023751,"Cuidado Cardiorrespiratorio",DIANA CAROLINA ZONA RUBIO,2 de 3,Categoría A,Convocatoria 833 de 2018,,
356,COL0029521,"EJERCICIO FISICO Y DEPORTE",DIOGO RODRIGUES BEZERRA,2 de 3,Categoría A1,Convocatoria 833 de 2018,,
357,COL0030308,"Ingeniería Biomédica - GIIB_UMB",JUAN DANIEL UMANA CARO,2 de 3,Categoría A,Convocatoria 833 de 2018,,
358,COL0172929,"GRUPO DE INVESTIGACIÓN ANGIOGRAFIA DE OCCIDENTE",MIGUEL ANGEL ORTIZ PALACIOS,2 de 4,Categoría A,Convocatoria 833 de 2018,,
359,COL0028776,"NEUROREHABILITACION",VERONICA TATIANA CHAVES ORTIZ,2 de 3,Categoría A,Convocatoria 833 de 2018,,
360,COL0029719,"BIOMECANICA Y FISIOTERAPIA MUSCULOESQUELETICA Y TEGUMENTARIA",VERONICA TATIANA CHAVES ORTIZ,2 de 3,Categoría A,Convocatoria 833 de 2018,,
361,COL0032376,"Individuo, Familia y Sociedad",SARA CADAVID ESPINHA,1 de 1,Categoría A,Convocatoria 833 de 2018,,
362,COL0029497,"Grupo de  Invetigacion en Procesos de Interrelacion Comunicativa",FRANCY SUAREZ MENDEZ,2 de 3,Categoría A,Convocatoria 833 de 2018,,
363,COL0169219,"LIOS",Miguel Angel  Ariza Gracia,1 de 1,Categoría A,Convocatoria 833 de 2018,,
364,COL0011447,"Grupo de investigación en psicologia cognitiva",MERCEDES JIMENEZ BENITEZ,2 de 2,Categoría A,Convocatoria 833 de 2018,,
365,COL0019973,"CUIDADO DE ENFERMERIA AL PACIENTE CRÓNICO",OLIVIA LORENA CHAPARRO DIAZ,1 de 1,Categoría A,Convocatoria 833 de 2018,,
366,COL0002081,"Centro de Estudios de Ergonomía",MARTHA PATRICIA CARO GUTIERREZ,1 de 1,Categoría A1,Convocatoria 833 de 2018,,
